group,n,n_mouse,mean,median,min,max,sd
WT,6,6,888,972,36,1572,510.64194892311775
NB,6,6,1732,1698,1356,2148,282.3104673936126
sham,6,6,1408,1392,228,2220,744.1419219476886
txcb,6,6,1962,1872,1344,2628,490.6077863222311
txox,6,6,1872,1884,1188,2436,491.3263681098339
