group,n,n_mouse,mean,median,min,max,sd,Q0.25,Q0.75,IQR
WT,6,6,9726,10266,5556,12408,2459.019316719574,8766,11262,2496
NB,6,6,11784,11100,8796,18324,3489.9664181765415,9495,12093,2598
sham,6,6,10940,11640,6996,12336,2029.805113797874,10893,12198,1305
txcb,7,7,10597.714285714286,10368,8364,13428,1516.0173387625127,10146,10866,720
txox,6,6,11322,11010,8916,13884,1895.7379565752224,10140,12699,2559
