term,estimate,conf.low,conf.high,median,ctrl_estimate,treatment_estimate,reduction_percentage
sham - NB,-10.20404601805496,-21.094875157116903,1.0721871724856937,-10.20404601805496,47.35290772947367,37.21826324055793,-0.21548932277507635
txcb - NB,-8.718994952186222,-22.442752202621712,5.411943408303791,-8.718994952186222,47.35290772947367,38.5792854690618,-0.1841279737666309
txox - NB,-18.942319782921047,-32.01667070583189,-5.070965529640244,-18.942319782921047,47.35290772947367,28.437610068451445,-0.4000244270349391
