term,estimate,conf.low,conf.high,mean,ctrl_estimate,treatment_estimate,reduction_percentage
sham - NB,-10.387350687419417,-21.936641797692126,0.8968742258835156,-10.405832780741596,47.457924153486715,37.05209137274512,-0.2192643898011094
txcb - NB,-8.864969447435975,-22.50233433148238,5.147932276185374,-8.834436659408249,47.457924153486715,38.62348749407847,-0.18615303591527163
txox - NB,-18.984357021307982,-32.11945399435714,-5.51456044601837,-19.063598718190995,47.457924153486715,28.39432543529572,-0.4016947445180322
