term,estimate,std.error,conf.low,conf.high
sham - NB,-4.883538648517432,3.717225859380815,-12.484745650623607,2.2785824150037515
txcb - NB,-2.2382741141875835,4.365432681210487,-10.233834522176739,6.739805202436042
txox - NB,-11.63898074886285,4.865271629451373,-21.46200132834117,-2.429923805491057
txcb - sham,2.453643238415061,4.340649075620734,-6.451927267706248,10.334696392797035
txox - sham,-6.5164662059558225,4.839991542090807,-16.309472705625236,2.598622051054252
txox - txcb,-9.334756953252022,5.614981888297672,-20.02739747196624,2.069026868673978
