group,n,n_mouse,mean,median,min,max,sd
NB,6,6,14.833333333333334,14.5,12,19,2.4832774042918904
sham,6,6,14.333333333333334,14.5,8,22,4.760952285695233
txcb,5,5,7.8,9,3,12,4.08656334834051
txox,6,6,7.333333333333333,8,2,11,3.3862466931200785
