term,estimate,conf.low,conf.high,median,ctrl_estimate,treatment_estimate,reduction_percentage
sham - NB,-0.2990677466058633,-6.646670363036201,5.788095187194216,-0.2990677466058633,14.331877294897188,14.091985062150602,-0.02086731141023272
txcb - NB,-6.323420133727708,-12.260768052328734,-1.1186887471521283,-6.323420133727708,14.331877294897188,8.018044179437503,-0.44121366682222
txox - NB,-7.373776870799936,-12.994910467290424,-2.811193894529302,-7.373776870799936,14.331877294897188,6.963652290765843,-0.5145018143174684
