term,estimate,conf.low,conf.high,mean,ctrl_estimate,treatment_estimate,reduction_percentage
sham - NB,-0.37973822768474097,-6.827786395297804,6.043408582623437,-0.3494463580693158,14.517644112817884,14.168197754748569,-0.024070459046504896
txcb - NB,-6.2770449317106465,-11.929076690470362,-1.000959150371227,-6.33572474430634,14.517644112817884,8.181919368511544,-0.43641548828934423
txox - NB,-7.477414242691821,-12.81161258711445,-2.628170364528661,-7.558571229485375,14.517644112817884,6.959072883332508,-0.5206472324811834
