term,estimate,conf.low,conf.high,mean,ctrl_estimate,treatment_estimate,reduction_percentage
sham - NB,-0.011499628719963028,-0.031553026192610426,0.0077212616991250305,-0.011615658060070623,0.049012959643316575,0.03739730158324595,-0.23699156599808677
txcb - NB,-0.025841195160688946,-0.04370602498993055,-0.008405759704971077,-0.025849384391512836,0.049012959643316575,0.023163575251803743,-0.527398969162999
txox - NB,-0.03423269158861275,-0.05184049993889013,-0.018283833141380972,-0.03433164804053874,0.049012959643316575,0.014681311602777837,-0.7004606187910591
