term,estimate,conf.low,conf.high,median,ctrl_estimate,treatment_estimate,reduction_percentage
sham - NB,-0.01155968564030779,-0.031360772627883934,0.008252285175900325,-0.01155968564030779,0.04850730247989714,0.03714546104637953,-0.23830815257349067
txcb - NB,-0.025719155842578823,-0.043891222086463545,-0.007939983788553822,-0.025719155842578823,0.04850730247989714,0.022714988624745417,-0.5302120408208146
txox - NB,-0.034042769467596434,-0.05064034152790722,-0.0179800676607578,-0.034042769467596434,0.04850730247989714,0.014384275249358126,-0.7018071038212188
